name,email,city_id,password
Karrie Buttress,kbuttress0@1und1.de,1,JcfoKBYAB4k
Bob Aymer,baymer1@hp.com,2,ZEE54kg
Zilvia Boulding,zboulding2@macromedia.com,3,VJyMV1Zat
Emalee Mollon,emollon3@bloglovin.com,4,XUIeJ693h
Maria Mulberry,mmulberry4@cmu.edu,5,oWspnl
Levey By,lby5@mozilla.com,6,GdtcUU
Baron Eates,beates6@last.fm,7,UQw6VeA
Trip Vink,tvink7@fotki.com,8,49znXd7haFGz
Boonie Terbeck,bterbeck8@about.me,9,unCjJTF7sjs
Alonzo Traviss,atraviss9@auda.org.au,10,dLuVMAg
Natassia Wittering,nwitteringa@google.com.br,11,tQlUG4n
Felice Brooke,fbrookeb@nba.com,12,s9y9Mcfgy1g
Carlen Viccary,cviccaryc@amazon.co.uk,13,9qd747vh
Hendrik Gethings,hgethingsd@sogou.com,14,zzN5c4
Dunc Girodias,dgirodiase@stanford.edu,15,j9QW6GQI
Bibbie Tanman,btanmanf@smh.com.au,16,1aukKNEIneq
Barnabas Bartoletti,bbartolettig@simplemachines.org,17,3chTNtqhoo
Nixie Cullip,nculliph@fc2.com,18,2UdKIR2f
Matilde Pimblott,mpimblotti@xing.com,19,nGZ8disdg
Al Skurray,askurrayj@un.org,20,bL9tAf
